02470bb8-04eb-4f4c-9d93-18001d9a4ff2	video	960x540	10.041667	assets/wardrobe/loops/02470bb8-04eb-4f4c-9d93-18001d9a4ff2.mp4
05712c8d-6a0d-4d9e-bc7c-248bd39b9afd	video	960x540	15.041667	assets/wardrobe/loops/05712c8d-6a0d-4d9e-bc7c-248bd39b9afd.mp4
061da1b4-824a-4832-9285-d6cd24094e0c	still	960x1440		assets/wardrobe/stills/061da1b4-824a-4832-9285-d6cd24094e0c.webp
06b246b1-8693-4d9b-8293-f5d0367c3367	still	960x640		assets/wardrobe/stills/06b246b1-8693-4d9b-8293-f5d0367c3367.webp
0707f964-7a62-4423-bca9-f5f81e11aeda	video	540x822	6.041667	assets/wardrobe/loops/0707f964-7a62-4423-bca9-f5f81e11aeda.mp4
083ee255-00f9-4d06-ac74-f958610699fc	still	960x1440		assets/wardrobe/stills/083ee255-00f9-4d06-ac74-f958610699fc.webp
0ee41b1d-343b-4605-ad2b-eb7b2f46d468	still	960x1440		assets/wardrobe/stills/0ee41b1d-343b-4605-ad2b-eb7b2f46d468.webp
117c04f6-d2af-486d-baad-ff7c11bc73cf	still	960x540		assets/wardrobe/stills/117c04f6-d2af-486d-baad-ff7c11bc73cf.webp
12bf7c6e-75a5-4cf7-a0f4-f5563626a511	video	540x960	6.041667	assets/wardrobe/loops/12bf7c6e-75a5-4cf7-a0f4-f5563626a511.mp4
1359d12c-acca-4f53-9958-78becaf74d2e	still	960x540		assets/wardrobe/stills/1359d12c-acca-4f53-9958-78becaf74d2e.webp
13731dc3-c798-4f2c-aabb-4364bcdd6364	still	810x1440		assets/wardrobe/stills/13731dc3-c798-4f2c-aabb-4364bcdd6364.webp
15838261-822e-48f6-b4ac-ac187a961901	still	810x1440		assets/wardrobe/stills/15838261-822e-48f6-b4ac-ac187a961901.webp
199fb6ee-19ab-4435-8b00-a3da1526f54f	video	960x540	10.041667	assets/wardrobe/loops/199fb6ee-19ab-4435-8b00-a3da1526f54f.mp4
1af251c7-e08e-4e12-8fcc-1bbe256386d7	video	960x540	10.041667	assets/wardrobe/loops/1af251c7-e08e-4e12-8fcc-1bbe256386d7.mp4
1b0dd5ca-5245-4899-932a-3a09107d889a	video	540x822	6.041667	assets/wardrobe/loops/1b0dd5ca-5245-4899-932a-3a09107d889a.mp4
2041c833-f48a-4976-8a6d-16442e75ade4	video	960x540	10.041667	assets/wardrobe/loops/2041c833-f48a-4976-8a6d-16442e75ade4.mp4
211575fd-9185-4765-b435-b4516cccc25b	video	540x822	6.041667	assets/wardrobe/loops/211575fd-9185-4765-b435-b4516cccc25b.mp4
211c109f-1835-4573-9718-333ccb825038	video	540x822	6.041667	assets/wardrobe/loops/211c109f-1835-4573-9718-333ccb825038.mp4
2363dc0c-637c-49c3-aa12-3897d01d84be	still	810x1440		assets/wardrobe/stills/2363dc0c-637c-49c3-aa12-3897d01d84be.webp
24ca9dab-baed-4868-8021-06b6da52697b	video	960x540	10.041667	assets/wardrobe/loops/24ca9dab-baed-4868-8021-06b6da52697b.mp4
25017df7-4d03-474f-817d-eb1cf9576e63	still	960x540		assets/wardrobe/stills/25017df7-4d03-474f-817d-eb1cf9576e63.webp
28f82327-01ac-4b38-b27e-696554db86ff	still	960x540		assets/wardrobe/stills/28f82327-01ac-4b38-b27e-696554db86ff.webp
2982f591-1923-4d03-9cf5-0592eeabfd65	still	720x1280		assets/wardrobe/stills/2982f591-1923-4d03-9cf5-0592eeabfd65.webp
2f43ffa4-2f13-4d4e-aca8-4cb57633d53b	video	960x540	15.041667	assets/wardrobe/loops/2f43ffa4-2f13-4d4e-aca8-4cb57633d53b.mp4
2f621f35-8985-46cd-8832-aae35d1284ef	video	960x540	15.041667	assets/wardrobe/loops/2f621f35-8985-46cd-8832-aae35d1284ef.mp4
316b2241-795b-4214-8bd3-1370d0a6976f	video	540x960	6.041667	assets/wardrobe/loops/316b2241-795b-4214-8bd3-1370d0a6976f.mp4
3264f4bc-6f3a-434a-a1b5-6f061d0493c3	video	540x822	6.041667	assets/wardrobe/loops/3264f4bc-6f3a-434a-a1b5-6f061d0493c3.mp4
3399c0aa-af87-4f46-a0b2-fbb9632425bd	video	960x540	10.041667	assets/wardrobe/loops/3399c0aa-af87-4f46-a0b2-fbb9632425bd.mp4
35d6a991-de66-449a-b7bc-e1486c2d4904	still	960x540		assets/wardrobe/stills/35d6a991-de66-449a-b7bc-e1486c2d4904.webp
36b68e17-0037-4cf0-bb36-a0baf845659f	video	540x960	6.041667	assets/wardrobe/loops/36b68e17-0037-4cf0-bb36-a0baf845659f.mp4
37f9d3aa-a820-4702-8ef6-67e2d8bf6863	still	960x1440		assets/wardrobe/stills/37f9d3aa-a820-4702-8ef6-67e2d8bf6863.webp
392e9041-3634-4e92-86f4-97f10173effb	video	540x960	6.041667	assets/wardrobe/loops/392e9041-3634-4e92-86f4-97f10173effb.mp4
3a40c733-683c-48f6-8ada-b141eaa60719	video	960x540	10.041667	assets/wardrobe/loops/3a40c733-683c-48f6-8ada-b141eaa60719.mp4
3aac10b4-46c6-4a04-a807-e1efc6f13dfe	video	960x540	10.041667	assets/wardrobe/loops/3aac10b4-46c6-4a04-a807-e1efc6f13dfe.mp4
3d00dd49-f288-4df5-abdb-32ce4080f13f	video	960x540	46.333333	assets/wardrobe/loops/3d00dd49-f288-4df5-abdb-32ce4080f13f.mp4
3d888dfa-5dde-4f82-be1d-c5a4e7c2a6f5	still	810x1440		assets/wardrobe/stills/3d888dfa-5dde-4f82-be1d-c5a4e7c2a6f5.webp
3e459b1d-0e25-4d30-a954-840ab96f3ba6	still	960x640		assets/wardrobe/stills/3e459b1d-0e25-4d30-a954-840ab96f3ba6.webp
3e6590c4-7ae2-46e8-b7d9-00650a2a1b73	still	960x1440		assets/wardrobe/stills/3e6590c4-7ae2-46e8-b7d9-00650a2a1b73.webp
40d4446b-749d-4cf3-a8de-ac5e9edf1a5e	still	960x540		assets/wardrobe/stills/40d4446b-749d-4cf3-a8de-ac5e9edf1a5e.webp
40f26585-b2c7-40e4-902a-c566735b6949	still	810x1440		assets/wardrobe/stills/40f26585-b2c7-40e4-902a-c566735b6949.webp
42efdd4e-f981-409b-a678-06344b2526a7	still	960x1440		assets/wardrobe/stills/42efdd4e-f981-409b-a678-06344b2526a7.webp
48623ab2-f314-4621-9701-41d0cf8cd841	still	960x1440		assets/wardrobe/stills/48623ab2-f314-4621-9701-41d0cf8cd841.webp
48e186cd-2bfb-47f2-8753-8a1ebc64bf9e	video	540x822	6.041667	assets/wardrobe/loops/48e186cd-2bfb-47f2-8753-8a1ebc64bf9e.mp4
49c36e4a-5989-4f24-b203-cee65ec43f66	still	810x1440		assets/wardrobe/stills/49c36e4a-5989-4f24-b203-cee65ec43f66.webp
4b42e2cb-8209-4e28-9dd4-cc98f54aefcd	video	960x540	10.041667	assets/wardrobe/loops/4b42e2cb-8209-4e28-9dd4-cc98f54aefcd.mp4
4b51a81d-b5f1-49b9-a603-0085fa49f96f	still	810x1440		assets/wardrobe/stills/4b51a81d-b5f1-49b9-a603-0085fa49f96f.webp
4d7e9255-1c9b-4e80-8810-c0cfd87e0d7b	still	810x1440		assets/wardrobe/stills/4d7e9255-1c9b-4e80-8810-c0cfd87e0d7b.webp
4f692fc2-6895-4d38-ab89-71a68287a574	video	540x822	6.041667	assets/wardrobe/loops/4f692fc2-6895-4d38-ab89-71a68287a574.mp4
50023e92-ed2a-443a-84cd-76c448b407eb	still	960x1440		assets/wardrobe/stills/50023e92-ed2a-443a-84cd-76c448b407eb.webp
51165db3-b48d-47bf-8b3e-40ff1ecccc4e	still	960x1440		assets/wardrobe/stills/51165db3-b48d-47bf-8b3e-40ff1ecccc4e.webp
520bcb30-6f61-4e4c-8300-f6cb621c4ed4	still	810x1440		assets/wardrobe/stills/520bcb30-6f61-4e4c-8300-f6cb621c4ed4.webp
53610d7a-2095-40ee-8462-3bc2df35139b	video	960x540	10.041667	assets/wardrobe/loops/53610d7a-2095-40ee-8462-3bc2df35139b.mp4
56306e6b-7553-4984-8092-fd252bc216bb	video	540x960	6.041667	assets/wardrobe/loops/56306e6b-7553-4984-8092-fd252bc216bb.mp4
56cc23dc-095d-4f93-b587-a25c12f1fc33	video	960x540	15.041667	assets/wardrobe/loops/56cc23dc-095d-4f93-b587-a25c12f1fc33.mp4
57a28190-c2ac-4872-bb7a-30880299b79e	video	540x960	6.041667	assets/wardrobe/loops/57a28190-c2ac-4872-bb7a-30880299b79e.mp4
5902f8d8-4e77-4d4d-95e4-8063be949ac0	video	960x540	10.041667	assets/wardrobe/loops/5902f8d8-4e77-4d4d-95e4-8063be949ac0.mp4
5ba9cf20-d658-4799-9cf0-ab6438e36252	video	960x632	15.041667	assets/wardrobe/loops/5ba9cf20-d658-4799-9cf0-ab6438e36252.mp4
5c4c605a-1ad2-4e64-ab76-63537a0484ad	video	960x540	10.041667	assets/wardrobe/loops/5c4c605a-1ad2-4e64-ab76-63537a0484ad.mp4
5ce4985c-db64-4308-a014-1f82ebf07122	still	810x1440		assets/wardrobe/stills/5ce4985c-db64-4308-a014-1f82ebf07122.webp
5dfd5a47-09da-429a-b2b6-277f904e17d7	video	960x540	10.041667	assets/wardrobe/loops/5dfd5a47-09da-429a-b2b6-277f904e17d7.mp4
5f4bd7ec-cfa1-486a-881e-3adca22208ab	video	540x822	6.041667	assets/wardrobe/loops/5f4bd7ec-cfa1-486a-881e-3adca22208ab.mp4
61e850db-4a0a-41ac-a90f-292451f2f4db	still	810x1440		assets/wardrobe/stills/61e850db-4a0a-41ac-a90f-292451f2f4db.webp
67e06357-b706-4276-bdc3-ea3b433b55e3	video	540x960	6.041667	assets/wardrobe/loops/67e06357-b706-4276-bdc3-ea3b433b55e3.mp4
6a63e70b-bb7b-4421-b8c3-5c3c3616882b	video	960x540	10.041667	assets/wardrobe/loops/6a63e70b-bb7b-4421-b8c3-5c3c3616882b.mp4
6c5a669a-fe94-47bb-bf86-53b7967b4012	still	810x1440		assets/wardrobe/stills/6c5a669a-fe94-47bb-bf86-53b7967b4012.webp
6ec58b5e-e909-448d-b845-634a801941d3	still	810x1440		assets/wardrobe/stills/6ec58b5e-e909-448d-b845-634a801941d3.webp
6fbd535d-3f2f-44f2-a0bf-1c1b5bf6872d	still	810x1440		assets/wardrobe/stills/6fbd535d-3f2f-44f2-a0bf-1c1b5bf6872d.webp
7425c605-6905-4c7d-a698-c17abc7f9fd9	still	810x1440		assets/wardrobe/stills/7425c605-6905-4c7d-a698-c17abc7f9fd9.webp
76132412-3682-4bba-97c2-c6d4fcb00976	still	810x1440		assets/wardrobe/stills/76132412-3682-4bba-97c2-c6d4fcb00976.webp
7a2db0f9-0e67-4a85-b760-31b8f8c89eac	still	810x1440		assets/wardrobe/stills/7a2db0f9-0e67-4a85-b760-31b8f8c89eac.webp
7a322e18-649d-4db1-a58a-0beaa701416a	still	960x540		assets/wardrobe/stills/7a322e18-649d-4db1-a58a-0beaa701416a.webp
7c24a74d-f464-42b8-bcf0-e9d10d39f42a	still	960x540		assets/wardrobe/stills/7c24a74d-f464-42b8-bcf0-e9d10d39f42a.webp
7fbdaf68-5111-422a-a59f-4acdc7f4b42b	video	540x960	6.041667	assets/wardrobe/loops/7fbdaf68-5111-422a-a59f-4acdc7f4b42b.mp4
807f35e4-f140-4d4e-8de5-6ba264a398e4	still	810x1440		assets/wardrobe/stills/807f35e4-f140-4d4e-8de5-6ba264a398e4.webp
81adb50c-a331-4ebe-ac7b-8cb7a0f1bcf6	video	960x540	10.041667	assets/wardrobe/loops/81adb50c-a331-4ebe-ac7b-8cb7a0f1bcf6.mp4
870c6aac-50ad-406b-bce7-a996f38e7649	video	540x960	6.041667	assets/wardrobe/loops/870c6aac-50ad-406b-bce7-a996f38e7649.mp4
8734f1b9-40ce-4a6a-8a6c-c7b2ffd66965	still	810x1440		assets/wardrobe/stills/8734f1b9-40ce-4a6a-8a6c-c7b2ffd66965.webp
89354d5d-179e-436d-a2d9-ba458787702f	still	960x1440		assets/wardrobe/stills/89354d5d-179e-436d-a2d9-ba458787702f.webp
8cd6d958-6855-4364-8c53-d256fc461167	still	960x1440		assets/wardrobe/stills/8cd6d958-6855-4364-8c53-d256fc461167.webp
8d1297bd-eb06-4fb7-9c1a-6677d096e1f9	still	810x1440		assets/wardrobe/stills/8d1297bd-eb06-4fb7-9c1a-6677d096e1f9.webp
9258341d-d0af-4986-8c3f-f832baafff9b	video	960x540	10.041667	assets/wardrobe/loops/9258341d-d0af-4986-8c3f-f832baafff9b.mp4
945329e1-831f-47b1-95ee-b69f8a32297c	still	810x1440		assets/wardrobe/stills/945329e1-831f-47b1-95ee-b69f8a32297c.webp
9509d5ba-dd26-4256-9ce5-ecfdd007f0f9	still	960x540		assets/wardrobe/stills/9509d5ba-dd26-4256-9ce5-ecfdd007f0f9.webp
97d9c2f6-5f8b-498b-ae9e-5f9e09a6727a	video	540x960	6.041667	assets/wardrobe/loops/97d9c2f6-5f8b-498b-ae9e-5f9e09a6727a.mp4
9a1b5f2b-635a-45a4-a0cc-fe0818bf03e6	still	960x540		assets/wardrobe/stills/9a1b5f2b-635a-45a4-a0cc-fe0818bf03e6.webp
9d0f51a5-0f89-4cf4-adaf-2567884090e5	still	810x1440		assets/wardrobe/stills/9d0f51a5-0f89-4cf4-adaf-2567884090e5.webp
9d5ea2a1-2831-4775-a9ea-c5240b35514a	video	540x960	6.041667	assets/wardrobe/loops/9d5ea2a1-2831-4775-a9ea-c5240b35514a.mp4
a0222f86-81ae-4433-928a-0b68b378f72c	still	960x540		assets/wardrobe/stills/a0222f86-81ae-4433-928a-0b68b378f72c.webp
a2584dda-16da-4c49-b27c-0bf4d1bbf4dd	still	960x1440		assets/wardrobe/stills/a2584dda-16da-4c49-b27c-0bf4d1bbf4dd.webp
a32b94c3-7c4e-4ba9-be21-0b4f896d7d47	still	960x540		assets/wardrobe/stills/a32b94c3-7c4e-4ba9-be21-0b4f896d7d47.webp
a42c77aa-06ad-4153-9846-0fec0f374f32	video	540x822	6.041667	assets/wardrobe/loops/a42c77aa-06ad-4153-9846-0fec0f374f32.mp4
a55b185a-be08-4e0b-899e-957d88ab44ba	still	960x540		assets/wardrobe/stills/a55b185a-be08-4e0b-899e-957d88ab44ba.webp
a56116a4-33ef-4d5e-9e2b-b71c2471d11b	video	540x960	6.041667	assets/wardrobe/loops/a56116a4-33ef-4d5e-9e2b-b71c2471d11b.mp4
a66cb016-5f14-43f4-aec3-687f75c89931	video	960x540	10.041667	assets/wardrobe/loops/a66cb016-5f14-43f4-aec3-687f75c89931.mp4
b386361b-b9c1-435c-9055-79159d6d59e2	still	960x1440		assets/wardrobe/stills/b386361b-b9c1-435c-9055-79159d6d59e2.webp
b683df02-33b5-4940-a442-8535826e5d46	still	810x1440		assets/wardrobe/stills/b683df02-33b5-4940-a442-8535826e5d46.webp
b746dc09-4645-4382-ba96-94ede18797f9	still	960x540		assets/wardrobe/stills/b746dc09-4645-4382-ba96-94ede18797f9.webp
b749193f-215d-469f-9e59-850a8e3f91d0	video	540x822	6.041667	assets/wardrobe/loops/b749193f-215d-469f-9e59-850a8e3f91d0.mp4
b7d40a5f-c735-4c24-b05a-cc41fb922a01	video	540x960	6.041667	assets/wardrobe/loops/b7d40a5f-c735-4c24-b05a-cc41fb922a01.mp4
bb8505c9-8164-4967-b47d-6de9882ae4fe	video	540x960	6.041667	assets/wardrobe/loops/bb8505c9-8164-4967-b47d-6de9882ae4fe.mp4
bd83f700-1a16-4557-b0da-b8c86e42068a	video	540x960	6.041667	assets/wardrobe/loops/bd83f700-1a16-4557-b0da-b8c86e42068a.mp4
bd8f727a-d7eb-4995-afae-9d60dd80ee75	video	960x540	10.041667	assets/wardrobe/loops/bd8f727a-d7eb-4995-afae-9d60dd80ee75.mp4
bf028f5d-e56c-43f6-8714-90be996d9561	video	960x540	10.041667	assets/wardrobe/loops/bf028f5d-e56c-43f6-8714-90be996d9561.mp4
bf24205e-2067-425c-b506-270faf251ec6	still	960x540		assets/wardrobe/stills/bf24205e-2067-425c-b506-270faf251ec6.webp
c1cbdcbb-97d4-4d14-b479-815416f0cc7a	still	960x1440		assets/wardrobe/stills/c1cbdcbb-97d4-4d14-b479-815416f0cc7a.webp
c1e9c8cc-e0e6-42ad-b637-d1b2d12c91a8	still	960x1440		assets/wardrobe/stills/c1e9c8cc-e0e6-42ad-b637-d1b2d12c91a8.webp
c40f6c55-66ed-48b1-977b-c4f078180a37	still	810x1440		assets/wardrobe/stills/c40f6c55-66ed-48b1-977b-c4f078180a37.webp
c782a682-18e3-4acd-ac49-1c7d6036ed45	still	810x1440		assets/wardrobe/stills/c782a682-18e3-4acd-ac49-1c7d6036ed45.webp
ca2dc921-1a53-46bc-a8fb-07857cb6bef4	video	960x632	15.041667	assets/wardrobe/loops/ca2dc921-1a53-46bc-a8fb-07857cb6bef4.mp4
cef8aed9-9475-4142-a1eb-b534aee34552	video	540x960	6.041667	assets/wardrobe/loops/cef8aed9-9475-4142-a1eb-b534aee34552.mp4
d083b971-a32a-44f6-80a7-d6aeafbe904a	video	960x540	15.041667	assets/wardrobe/loops/d083b971-a32a-44f6-80a7-d6aeafbe904a.mp4
d116ea55-27e4-440c-9ab0-7ea6db9c32d3	still	960x960		assets/wardrobe/stills/d116ea55-27e4-440c-9ab0-7ea6db9c32d3.webp
d48ee5c9-d7d5-42f6-9b6a-ad5f10f2864d	still	960x1440		assets/wardrobe/stills/d48ee5c9-d7d5-42f6-9b6a-ad5f10f2864d.webp
d5b1d20f-e71d-41d9-92de-a561697de394	still	810x1440		assets/wardrobe/stills/d5b1d20f-e71d-41d9-92de-a561697de394.webp
d78b9bba-a274-4bd9-aec8-bbce764a1bd2	video	960x540	10.041667	assets/wardrobe/loops/d78b9bba-a274-4bd9-aec8-bbce764a1bd2.mp4
d911b3f3-eddb-459d-856f-6f50c7aed810	video	960x540	15.041667	assets/wardrobe/loops/d911b3f3-eddb-459d-856f-6f50c7aed810.mp4
d93f447b-fc2c-4ef5-ae89-4b1b07c98d9e	video	960x540	15.041667	assets/wardrobe/loops/d93f447b-fc2c-4ef5-ae89-4b1b07c98d9e.mp4
dbe7b052-4b9b-4f39-806d-847104f36b82	still	960x540		assets/wardrobe/stills/dbe7b052-4b9b-4f39-806d-847104f36b82.webp
dc69c541-f9df-4790-a51d-20b4bf0d876c	video	960x632	6.041667	assets/wardrobe/loops/dc69c541-f9df-4790-a51d-20b4bf0d876c.mp4
dcf55fb5-019d-453f-b055-1353e8f83a41	still	960x540		assets/wardrobe/stills/dcf55fb5-019d-453f-b055-1353e8f83a41.webp
dd24dccf-c805-4511-8580-a82ebae2012b	still	960x540		assets/wardrobe/stills/dd24dccf-c805-4511-8580-a82ebae2012b.webp
dd3d37b4-8abb-4d54-b4fc-2d7c02f91dcc	video	540x960	6.041667	assets/wardrobe/loops/dd3d37b4-8abb-4d54-b4fc-2d7c02f91dcc.mp4
e1271af9-b1b9-4aee-b895-ca0aa42d8d58	still	960x1440		assets/wardrobe/stills/e1271af9-b1b9-4aee-b895-ca0aa42d8d58.webp
e2a082ca-57c6-4069-9c14-a9ce007a03bf	still	960x540		assets/wardrobe/stills/e2a082ca-57c6-4069-9c14-a9ce007a03bf.webp
e3512745-50fc-475c-8bae-254f189b8384	still	960x540		assets/wardrobe/stills/e3512745-50fc-475c-8bae-254f189b8384.webp
e3c06ef5-a380-4651-a530-bb77438cfe24	still	960x540		assets/wardrobe/stills/e3c06ef5-a380-4651-a530-bb77438cfe24.webp
e420cd00-b732-484e-a289-787016709569	still	960x540		assets/wardrobe/stills/e420cd00-b732-484e-a289-787016709569.webp
e5024fe7-b0c3-46a0-b520-c737e1a1e4db	still	810x1440		assets/wardrobe/stills/e5024fe7-b0c3-46a0-b520-c737e1a1e4db.webp
e5311c43-f5b5-4741-a20e-32f6ba968f8c	still	960x540		assets/wardrobe/stills/e5311c43-f5b5-4741-a20e-32f6ba968f8c.webp
e6459bbf-4080-471a-902d-95d623c42d23	video	960x540	10.041667	assets/wardrobe/loops/e6459bbf-4080-471a-902d-95d623c42d23.mp4
e8f8339d-7b2e-4077-9aa0-d801cc302eba	still	960x540		assets/wardrobe/stills/e8f8339d-7b2e-4077-9aa0-d801cc302eba.webp
eb4123d1-012e-4116-90d2-5558c7892db3	video	540x960	6.041667	assets/wardrobe/loops/eb4123d1-012e-4116-90d2-5558c7892db3.mp4
efe63af8-7d9e-4435-bd2c-4234bc1815c5	still	810x1440		assets/wardrobe/stills/efe63af8-7d9e-4435-bd2c-4234bc1815c5.webp
f2b3f6d3-ec95-4224-9586-3f8fc7079990	video	540x960	6.041667	assets/wardrobe/loops/f2b3f6d3-ec95-4224-9586-3f8fc7079990.mp4
f5887080-297c-4314-b3d3-2203e1526ad2	video	540x960	6.041667	assets/wardrobe/loops/f5887080-297c-4314-b3d3-2203e1526ad2.mp4
f6f513d8-449c-4a9d-908d-b8f6b5d0d580	still	960x540		assets/wardrobe/stills/f6f513d8-449c-4a9d-908d-b8f6b5d0d580.webp
f9e3d309-4987-4dd2-94ca-5a0d09a888c1	still	810x1440		assets/wardrobe/stills/f9e3d309-4987-4dd2-94ca-5a0d09a888c1.webp
fa1057ce-42a9-498c-a101-504c5ff217e5	still	810x1440		assets/wardrobe/stills/fa1057ce-42a9-498c-a101-504c5ff217e5.webp
fb757b6f-b46d-43c2-b2fd-83d42b938d4b	video	540x960	6.041667	assets/wardrobe/loops/fb757b6f-b46d-43c2-b2fd-83d42b938d4b.mp4
fb8ebfc1-b866-4bfa-a277-295bea25fb39	video	960x540	10.041667	assets/wardrobe/loops/fb8ebfc1-b866-4bfa-a277-295bea25fb39.mp4
fc6d77d4-8d1c-4e84-8120-471f8ac5060f	still	960x540		assets/wardrobe/stills/fc6d77d4-8d1c-4e84-8120-471f8ac5060f.webp
fe7f4ec2-b931-4740-b9b9-eb34af66baa8	still	810x1440		assets/wardrobe/stills/fe7f4ec2-b931-4740-b9b9-eb34af66baa8.webp
fedf4875-4c6f-4417-bcb1-83fc96271ba3	video	540x822	6.041667	assets/wardrobe/loops/fedf4875-4c6f-4417-bcb1-83fc96271ba3.mp4
ff20cfaa-9b38-4988-b0c0-6ba8e42e0abf	still	810x1440		assets/wardrobe/stills/ff20cfaa-9b38-4988-b0c0-6ba8e42e0abf.webp
ffabb581-1f19-4b73-bdbd-fde555057243	video	540x960	6.041667	assets/wardrobe/loops/ffabb581-1f19-4b73-bdbd-fde555057243.mp4
